Datum;Artikelnummer;Artikel;Menge;Umsatz;Einkaufspreis;Gebühren;Versandkosten;Kanal;Bestellnummer
10.02.2026;PRT-220;Kunstdruck A3 Fjord;1;22,00;4,10;2,53;5,62;eBay;ORD-10001
10.02.2026;KER-001;Keramiktasse Sand;1;24,90;7,20;2,61;5,51;Etsy;ORD-10002
10.02.2026;KRZ-050;Sojakerze Zeder;1;18,50;5,20;1,94;4,85;Etsy;ORD-10003
11.02.2026;KER-002;Keramikschale Ocean;1;34,00;11,00;1,09;5,61;Shopify;ORD-10004
11.02.2026;PRT-220;Kunstdruck A3 Fjord;1;22,00;4,10;2,53;5,50;eBay;ORD-10005
11.02.2026;KRZ-050;Sojakerze Zeder;1;18,50;5,20;1,94;4,71;Etsy;ORD-10006
12.02.2026;TEX-020;Wolldecke Nordic;1;89,00;34,00;9,34;4,24;Etsy;ORD-10007
12.02.2026;KER-001;Keramiktasse Sand;2;49,80;7,20;5,23;4,40;Etsy;ORD-10008
12.02.2026;KER-001;Keramiktasse Sand;1;24,90;7,20;0,80;5,08;Shopify;ORD-10009
13.02.2026;KER-001;Keramiktasse Sand;1;24,90;7,20;0,80;5,04;Shopify;ORD-10010
14.02.2026;KRZ-050;Sojakerze Zeder;1;18,50;5,20;1,94;4,48;Etsy;ORD-10011
15.02.2026;SEI-010;Naturseife Lavendel;1;9,50;2,40;0,30;5,42;Shopify;ORD-10012
15.02.2026;SEI-010;Naturseife Lavendel;1;9,50;2,40;0,30;0,00;Shopify;ORD-10012
16.02.2026;SEI-010;Naturseife Lavendel;1;9,50;2,40;1,00;4,16;Etsy;ORD-10013
16.02.2026;PAP-300;Notizbuch Recycling;1;16,00;4,60;1,84;5,42;eBay;ORD-10014
16.02.2026;KRZ-051;Kerzen-Set 3er;1;45,00;13,80;5,17;0,00;eBay;ORD-10014
16.02.2026;SEI-010;Naturseife Lavendel;1;9,50;2,40;1,00;4,87;Etsy;ORD-10015
17.02.2026;PRT-221;Kunstdruck A2 Düne;1;32,00;6,30;3,36;5,19;Etsy;ORD-10016
17.02.2026;SEI-010;Naturseife Lavendel;1;9,50;2,40;1,00;4,71;Etsy;ORD-10017
17.02.2026;PAP-300;Notizbuch Recycling;1;16,00;4,60;1,68;3,66;Etsy;ORD-10018
17.02.2026;PAP-300;Notizbuch Recycling;1;16,00;4,60;1,68;0,00;Etsy;ORD-10018
17.02.2026;SCH-102;Ohrringe Nova;1;29,00;8,40;0,93;4,91;Shopify;ORD-10019
18.02.2026;KER-001;Keramiktasse Sand;1;24,90;7,20;2,61;5,29;Etsy;ORD-10020
18.02.2026;SCH-102;Ohrringe Nova;1;29,00;8,40;3,33;3,75;eBay;ORD-10021
18.02.2026;SCH-102;Ohrringe Nova;2;58,00;8,40;6,09;4,77;Etsy;ORD-10022
19.02.2026;SCH-100;Silberkette Luna;1;59,00;18,00;6,19;3,89;Etsy;ORD-10023
20.02.2026;KRZ-050;Sojakerze Zeder;1;18,50;5,20;1,94;4,42;Etsy;ORD-10024
20.02.2026;KRZ-050;Sojakerze Zeder;1;18,50;5,20;0,59;5,56;Shopify;ORD-10025
21.02.2026;PRT-221;Kunstdruck A2 Düne;1;32,00;6,30;3,36;4,65;Etsy;ORD-10026
21.02.2026;PRT-220;Kunstdruck A3 Fjord;1;22,00;4,10;0,70;5,72;Shopify;ORD-10027
21.02.2026;SEI-010;Naturseife Lavendel;2;19,00;2,40;0,61;5,37;Shopify;ORD-10028
22.02.2026;KRZ-050;Sojakerze Zeder;1;18,50;5,20;0,59;5,39;Shopify;ORD-10029
22.02.2026;TEX-020;Wolldecke Nordic;1;89,00;34,00;9,34;3,87;Etsy;ORD-10030
23.02.2026;KRZ-051;Kerzen-Set 3er;1;45,00;13,80;1,44;5,19;Shopify;ORD-10031
23.02.2026;SCH-102;Ohrringe Nova;1;29,00;8,40;3,04;5,02;Etsy;ORD-10032
23.02.2026;KRZ-050;Sojakerze Zeder;1;18,50;5,20;1,94;0,00;Etsy;ORD-10032
23.02.2026;SCH-102;Ohrringe Nova;1;29,00;8,40;3,04;4,44;Etsy;ORD-10033
23.02.2026;SEI-010;Naturseife Lavendel;1;9,50;2,40;1,00;0,00;Etsy;ORD-10033
24.02.2026;SCH-102;Ohrringe Nova;1;29,00;8,40;3,04;5,78;Etsy;ORD-10034
24.02.2026;PRT-220;Kunstdruck A3 Fjord;1;22,00;4,10;2,31;5,04;Etsy;ORD-10035
24.02.2026;SCH-100;Silberkette Luna;1;59,00;18,00;6,19;0,00;Etsy;ORD-10035
24.02.2026;KER-001;Keramiktasse Sand;1;24,90;7,20;2,61;4,08;Etsy;ORD-10036
24.02.2026;SEI-010;Naturseife Lavendel;2;19,00;2,40;1,99;4,45;Etsy;ORD-10037
25.02.2026;PAP-300;Notizbuch Recycling;1;16,00;4,60;0,51;4,77;Shopify;ORD-10038
25.02.2026;KER-001;Keramiktasse Sand;2;49,80;7,20;1,59;0,00;Shopify;ORD-10038
25.02.2026;PAP-300;Notizbuch Recycling;1;16,00;4,60;0,51;4,91;Shopify;ORD-10039
25.02.2026;SEI-010;Naturseife Lavendel;1;9,50;2,40;1,00;5,03;Etsy;ORD-10040
26.02.2026;SEI-010;Naturseife Lavendel;1;9,50;2,40;1,09;4,79;eBay;ORD-10041
26.02.2026;PRT-221;Kunstdruck A2 Düne;1;32,00;6,30;1,02;4,36;Shopify;ORD-10042
26.02.2026;SCH-102;Ohrringe Nova;1;29,00;8,40;0,93;0,00;Shopify;ORD-10042
26.02.2026;KER-001;Keramiktasse Sand;1;24,90;7,20;0,80;4,97;Shopify;ORD-10043
27.02.2026;SCH-100;Silberkette Luna;1;59,00;18,00;6,19;5,24;Etsy;ORD-10044
27.02.2026;KRZ-050;Sojakerze Zeder;1;18,50;5,20;1,94;4,43;Etsy;ORD-10045
28.02.2026;PAP-300;Notizbuch Recycling;1;16,00;4,60;0,51;5,40;Shopify;ORD-10046
01.03.2026;SCH-100;Silberkette Luna;1;59,00;18,00;6,19;4,79;Etsy;ORD-10047
01.03.2026;KER-001;Keramiktasse Sand;1;24,90;7,20;2,61;4,79;Etsy;ORD-10048
01.03.2026;KRZ-050;Sojakerze Zeder;2;37,00;5,20;3,88;0,00;Etsy;ORD-10048
02.03.2026;PAP-300;Notizbuch Recycling;1;16,00;4,60;1,84;4,97;eBay;ORD-10049
02.03.2026;SCH-102;Ohrringe Nova;1;29,00;8,40;0,93;5,74;Shopify;ORD-10050
03.03.2026;PRT-221;Kunstdruck A2 Düne;1;32,00;6,30;3,36;4,24;Etsy;ORD-10051
03.03.2026;PRT-220;Kunstdruck A3 Fjord;1;22,00;4,10;2,31;4,05;Etsy;ORD-10052
03.03.2026;TEX-014;Leinenkissen 45×45;1;39,00;14,50;1,25;5,48;Shopify;ORD-10053
03.03.2026;SCH-102;Ohrringe Nova;1;29,00;8,40;0,93;0,00;Shopify;ORD-10053
03.03.2026;PAP-300;Notizbuch Recycling;1;16,00;4,60;0,51;4,90;Shopify;ORD-10054
04.03.2026;KRZ-050;Sojakerze Zeder;2;37,00;5,20;1,18;4,81;Shopify;ORD-10055
04.03.2026;KER-001;Keramiktasse Sand;1;24,90;7,20;0,80;0,00;Shopify;ORD-10055
04.03.2026;KRZ-050;Sojakerze Zeder;1;18,50;5,20;0,59;4,04;Shopify;ORD-10056
04.03.2026;KRZ-050;Sojakerze Zeder;2;37,00;5,20;3,88;3,77;Etsy;ORD-10057
05.03.2026;SCH-102;Ohrringe Nova;1;29,00;8,40;3,33;4,56;eBay;ORD-10058
05.03.2026;KRZ-050;Sojakerze Zeder;1;18,50;5,20;0,59;4,85;Shopify;ORD-10059
06.03.2026;PRT-221;Kunstdruck A2 Düne;1;32,00;6,30;3,36;4,82;Etsy;ORD-10060
06.03.2026;PAP-300;Notizbuch Recycling;1;16,00;4,60;1,68;4,34;Etsy;ORD-10061
06.03.2026;TEX-014;Leinenkissen 45×45;1;39,00;14,50;4,09;3,77;Etsy;ORD-10062
06.03.2026;KRZ-051;Kerzen-Set 3er;2;90,00;13,80;9,45;0,00;Etsy;ORD-10062
07.03.2026;PRT-221;Kunstdruck A2 Düne;1;32,00;6,30;3,36;4,11;Etsy;ORD-10063
07.03.2026;PRT-221;Kunstdruck A2 Düne;1;32,00;6,30;3,36;4,93;Etsy;ORD-10064
07.03.2026;KER-001;Keramiktasse Sand;1;24,90;7,20;2,61;0,00;Etsy;ORD-10064
07.03.2026;PRT-220;Kunstdruck A3 Fjord;2;44,00;4,10;1,41;4,25;Shopify;ORD-10065
08.03.2026;SCH-102;Ohrringe Nova;1;29,00;8,40;3,33;5,77;eBay;ORD-10066
08.03.2026;PAP-300;Notizbuch Recycling;1;16,00;4,60;1,68;5,30;Etsy;ORD-10067
09.03.2026;TEX-014;Leinenkissen 45×45;1;39,00;14,50;4,09;5,28;Etsy;ORD-10068
09.03.2026;KER-001;Keramiktasse Sand;1;24,90;7,20;2,61;0,00;Etsy;ORD-10068
09.03.2026;TEX-014;Leinenkissen 45×45;1;39,00;14,50;4,09;3,93;Etsy;ORD-10069
09.03.2026;PRT-220;Kunstdruck A3 Fjord;1;22,00;4,10;2,31;4,00;Etsy;ORD-10070
10.03.2026;SCH-102;Ohrringe Nova;2;58,00;8,40;6,09;5,29;Etsy;ORD-10071
10.03.2026;KER-001;Keramiktasse Sand;1;24,90;7,20;2,61;3,68;Etsy;ORD-10072
10.03.2026;KER-001;Keramiktasse Sand;1;24,90;7,20;2,61;4,42;Etsy;ORD-10073
11.03.2026;KER-001;Keramiktasse Sand;1;24,90;7,20;2,61;4,73;Etsy;ORD-10074
11.03.2026;PRT-220;Kunstdruck A3 Fjord;2;44,00;4,10;1,41;5,41;Shopify;ORD-10075
11.03.2026;TEX-020;Wolldecke Nordic;2;178,00;34,00;5,70;0,00;Shopify;ORD-10075
11.03.2026;KRZ-050;Sojakerze Zeder;2;37,00;5,20;4,25;4,08;eBay;ORD-10076
11.03.2026;KRZ-050;Sojakerze Zeder;1;18,50;5,20;0,59;4,15;Shopify;ORD-10077
12.03.2026;PRT-221;Kunstdruck A2 Düne;1;32,00;6,30;3,36;5,68;Etsy;ORD-10078
12.03.2026;PAP-300;Notizbuch Recycling;1;16,00;4,60;1,68;0,00;Etsy;ORD-10078
12.03.2026;KER-002;Keramikschale Ocean;1;34,00;11,00;3,57;4,30;Etsy;ORD-10079
12.03.2026;PRT-221;Kunstdruck A2 Düne;2;64,00;6,30;6,72;0,00;Etsy;ORD-10079
12.03.2026;KER-002;Keramikschale Ocean;1;34,00;11,00;3,57;5,63;Etsy;ORD-10080
13.03.2026;KRZ-051;Kerzen-Set 3er;1;45,00;13,80;5,17;3,63;eBay;ORD-10081
13.03.2026;TEX-014;Leinenkissen 45×45;1;39,00;14,50;4,09;5,52;Etsy;ORD-10082
13.03.2026;TEX-014;Leinenkissen 45×45;1;39,00;14,50;4,09;0,00;Etsy;ORD-10082
13.03.2026;SCH-102;Ohrringe Nova;1;29,00;8,40;0,93;4,05;Shopify;ORD-10083
14.03.2026;PRT-220;Kunstdruck A3 Fjord;1;22,00;4,10;2,53;4,64;eBay;ORD-10084
14.03.2026;PRT-220;Kunstdruck A3 Fjord;2;44,00;4,10;1,41;5,26;Shopify;ORD-10085
14.03.2026;KER-001;Keramiktasse Sand;1;24,90;7,20;0,80;3,74;Shopify;ORD-10086
14.03.2026;KER-001;Keramiktasse Sand;1;24,90;7,20;0,80;0,00;Shopify;ORD-10086
15.03.2026;PRT-220;Kunstdruck A3 Fjord;1;22,00;4,10;2,53;5,08;eBay;ORD-10087
15.03.2026;KER-001;Keramiktasse Sand;1;24,90;7,20;2,61;4,71;Etsy;ORD-10088
15.03.2026;KER-001;Keramiktasse Sand;1;24,90;7,20;2,61;0,00;Etsy;ORD-10088
16.03.2026;PRT-220;Kunstdruck A3 Fjord;2;44,00;4,10;5,06;4,02;eBay;ORD-10089
16.03.2026;TEX-014;Leinenkissen 45×45;1;39,00;14,50;1,25;5,48;Shopify;ORD-10090
16.03.2026;TEX-014;Leinenkissen 45×45;1;39,00;14,50;4,09;4,23;Etsy;ORD-10091
17.03.2026;SCH-100;Silberkette Luna;1;59,00;18,00;6,19;4,35;Etsy;ORD-10092
17.03.2026;KRZ-050;Sojakerze Zeder;1;18,50;5,20;1,94;4,23;Etsy;ORD-10093
17.03.2026;PRT-221;Kunstdruck A2 Düne;1;32,00;6,30;3,36;0,00;Etsy;ORD-10093
17.03.2026;SEI-010;Naturseife Lavendel;1;9,50;2,40;0,30;4,27;Shopify;ORD-10094
17.03.2026;PRT-220;Kunstdruck A3 Fjord;1;22,00;4,10;0,70;4,35;Shopify;ORD-10095
17.03.2026;KER-002;Keramikschale Ocean;1;34,00;11,00;1,09;0,00;Shopify;ORD-10095
18.03.2026;TEX-020;Wolldecke Nordic;1;89,00;34,00;9,34;4,75;Etsy;ORD-10096
18.03.2026;KER-002;Keramikschale Ocean;2;68,00;11,00;7,14;5,44;Etsy;ORD-10097
18.03.2026;TEX-014;Leinenkissen 45×45;2;78,00;14,50;8,19;0,00;Etsy;ORD-10097
18.03.2026;KER-001;Keramiktasse Sand;1;24,90;7,20;0,80;5,38;Shopify;ORD-10098
19.03.2026;PRT-220;Kunstdruck A3 Fjord;1;22,00;4,10;2,31;5,18;Etsy;ORD-10099
19.03.2026;KRZ-050;Sojakerze Zeder;1;18,50;5,20;0,59;3,75;Shopify;ORD-10100
19.03.2026;SCH-102;Ohrringe Nova;1;29,00;8,40;0,93;4,95;Shopify;ORD-10101
20.03.2026;KER-001;Keramiktasse Sand;1;24,90;7,20;2,61;4,90;Etsy;ORD-10102
20.03.2026;KER-001;Keramiktasse Sand;1;24,90;7,20;2,86;5,69;eBay;ORD-10103
20.03.2026;TEX-014;Leinenkissen 45×45;2;78,00;14,50;8,97;0,00;eBay;ORD-10103
20.03.2026;PRT-220;Kunstdruck A3 Fjord;1;22,00;4,10;2,31;4,33;Etsy;ORD-10104
20.03.2026;PRT-220;Kunstdruck A3 Fjord;2;44,00;4,10;1,41;4,58;Shopify;ORD-10105
21.03.2026;PRT-220;Kunstdruck A3 Fjord;2;44,00;4,10;4,62;5,16;Etsy;ORD-10106
21.03.2026;PRT-220;Kunstdruck A3 Fjord;1;22,00;4,10;2,31;3,63;Etsy;ORD-10107
21.03.2026;TEX-014;Leinenkissen 45×45;1;39,00;14,50;4,09;3,85;Etsy;ORD-10108
22.03.2026;SEI-010;Naturseife Lavendel;1;9,50;2,40;1,00;4,39;Etsy;ORD-10109
22.03.2026;SCH-102;Ohrringe Nova;2;58,00;8,40;6,09;4,20;Etsy;ORD-10110
22.03.2026;KER-002;Keramikschale Ocean;2;68,00;11,00;7,14;5,73;Etsy;ORD-10111
23.03.2026;SEI-010;Naturseife Lavendel;1;9,50;2,40;1,00;4,45;Etsy;ORD-10112
23.03.2026;SEI-010;Naturseife Lavendel;1;9,50;2,40;1,00;3,72;Etsy;ORD-10113
24.03.2026;PAP-300;Notizbuch Recycling;1;16,00;4,60;1,68;5,24;Etsy;ORD-10114
24.03.2026;SEI-010;Naturseife Lavendel;1;9,50;2,40;0,30;4,08;Shopify;ORD-10115
24.03.2026;KER-002;Keramikschale Ocean;1;34,00;11,00;3,57;4,10;Etsy;ORD-10116
24.03.2026;KER-001;Keramiktasse Sand;1;24,90;7,20;2,61;5,10;Etsy;ORD-10117
24.03.2026;SEI-010;Naturseife Lavendel;1;9,50;2,40;1,00;0,00;Etsy;ORD-10117
25.03.2026;KRZ-050;Sojakerze Zeder;1;18,50;5,20;0,59;5,45;Shopify;ORD-10118
25.03.2026;SEI-010;Naturseife Lavendel;2;19,00;2,40;0,61;5,67;Shopify;ORD-10119
25.03.2026;KER-001;Keramiktasse Sand;1;24,90;7,20;2,61;4,90;Etsy;ORD-10120
25.03.2026;SEI-010;Naturseife Lavendel;2;19,00;2,40;1,99;0,00;Etsy;ORD-10120
26.03.2026;KRZ-050;Sojakerze Zeder;1;18,50;5,20;1,94;5,45;Etsy;ORD-10121
26.03.2026;PRT-220;Kunstdruck A3 Fjord;1;22,00;4,10;2,31;5,42;Etsy;ORD-10122
26.03.2026;SEI-010;Naturseife Lavendel;1;9,50;2,40;0,30;3,83;Shopify;ORD-10123
27.03.2026;KRZ-050;Sojakerze Zeder;1;18,50;5,20;1,94;5,26;Etsy;ORD-10124
27.03.2026;SEI-010;Naturseife Lavendel;1;9,50;2,40;1,00;4,26;Etsy;ORD-10125
27.03.2026;SEI-010;Naturseife Lavendel;1;9,50;2,40;1,00;0,00;Etsy;ORD-10125
27.03.2026;KER-002;Keramikschale Ocean;1;34,00;11,00;3,57;5,56;Etsy;ORD-10126
28.03.2026;SEI-010;Naturseife Lavendel;1;9,50;2,40;0,30;3,62;Shopify;ORD-10127
28.03.2026;PRT-220;Kunstdruck A3 Fjord;1;22,00;4,10;2,31;4,98;Etsy;ORD-10128
28.03.2026;SEI-010;Naturseife Lavendel;1;9,50;2,40;1,00;5,70;Etsy;ORD-10129
29.03.2026;SEI-010;Naturseife Lavendel;1;9,50;2,40;1,00;4,05;Etsy;ORD-10130
30.03.2026;KER-001;Keramiktasse Sand;1;24,90;7,20;2,61;5,07;Etsy;ORD-10131
30.03.2026;SEI-010;Naturseife Lavendel;2;19,00;2,40;1,99;3,60;Etsy;ORD-10132
30.03.2026;TEX-014;Leinenkissen 45×45;1;39,00;14,50;4,09;0,00;Etsy;ORD-10132
30.03.2026;PAP-300;Notizbuch Recycling;1;16,00;4,60;1,84;5,22;eBay;ORD-10133
30.03.2026;KER-002;Keramikschale Ocean;2;68,00;11,00;7,82;0,00;eBay;ORD-10133
30.03.2026;PRT-221;Kunstdruck A2 Düne;1;32,00;6,30;3,36;3,79;Etsy;ORD-10134
31.03.2026;SEI-010;Naturseife Lavendel;1;9,50;2,40;0,30;4,83;Shopify;ORD-10135
31.03.2026;SEI-010;Naturseife Lavendel;1;9,50;2,40;0,30;4,39;Shopify;ORD-10136
31.03.2026;KRZ-050;Sojakerze Zeder;2;37,00;5,20;1,18;0,00;Shopify;ORD-10136
31.03.2026;SEI-010;Naturseife Lavendel;1;9,50;2,40;1,00;3,88;Etsy;ORD-10137
01.04.2026;KRZ-050;Sojakerze Zeder;1;18,50;5,20;2,13;4,80;eBay;ORD-10138
01.04.2026;PAP-300;Notizbuch Recycling;1;16,00;4,60;1,68;5,63;Etsy;ORD-10139
01.04.2026;TEX-020;Wolldecke Nordic;1;89,00;34,00;9,34;5,41;Etsy;ORD-10140
01.04.2026;TEX-020;Wolldecke Nordic;1;89,00;34,00;9,34;5,02;Etsy;ORD-10141
02.04.2026;KRZ-050;Sojakerze Zeder;2;37,00;5,20;1,18;4,80;Shopify;ORD-10142
02.04.2026;KRZ-051;Kerzen-Set 3er;1;45,00;13,80;4,72;5,01;Etsy;ORD-10143
02.04.2026;SEI-010;Naturseife Lavendel;1;9,50;2,40;1,09;4,82;eBay;ORD-10144
02.04.2026;KER-001;Keramiktasse Sand;2;49,80;7,20;5,23;4,49;Etsy;ORD-10145
03.04.2026;TEX-014;Leinenkissen 45×45;1;39,00;14,50;1,25;5,13;Shopify;ORD-10146
03.04.2026;KRZ-051;Kerzen-Set 3er;2;90,00;13,80;2,88;0,00;Shopify;ORD-10146
03.04.2026;KRZ-050;Sojakerze Zeder;1;18,50;5,20;0,59;5,29;Shopify;ORD-10147
03.04.2026;PAP-300;Notizbuch Recycling;1;16,00;4,60;1,68;5,64;Etsy;ORD-10148
03.04.2026;KRZ-050;Sojakerze Zeder;1;18,50;5,20;0,59;4,22;Shopify;ORD-10149
04.04.2026;PRT-220;Kunstdruck A3 Fjord;1;22,00;4,10;2,31;3,81;Etsy;ORD-10150
04.04.2026;PRT-220;Kunstdruck A3 Fjord;1;22,00;4,10;2,31;0,00;Etsy;ORD-10150
04.04.2026;SEI-010;Naturseife Lavendel;1;9,50;2,40;1,09;5,37;eBay;ORD-10151
04.04.2026;SCH-100;Silberkette Luna;2;118,00;18,00;12,39;4,10;Etsy;ORD-10152
05.04.2026;SEI-010;Naturseife Lavendel;1;9,50;2,40;1,00;3,64;Etsy;ORD-10153
05.04.2026;KRZ-051;Kerzen-Set 3er;1;45,00;13,80;5,17;4,89;eBay;ORD-10154
05.04.2026;TEX-014;Leinenkissen 45×45;1;39,00;14,50;4,49;4,69;eBay;ORD-10155
06.04.2026;SCH-100;Silberkette Luna;1;59,00;18,00;6,19;5,48;Etsy;ORD-10156
06.04.2026;SEI-010;Naturseife Lavendel;1;9,50;2,40;1,00;5,34;Etsy;ORD-10157
06.04.2026;PRT-220;Kunstdruck A3 Fjord;1;22,00;4,10;0,70;3,71;Shopify;ORD-10158
07.04.2026;PRT-220;Kunstdruck A3 Fjord;1;22,00;4,10;2,31;5,13;Etsy;ORD-10159
07.04.2026;KRZ-050;Sojakerze Zeder;1;18,50;5,20;2,13;3,70;eBay;ORD-10160
07.04.2026;KRZ-050;Sojakerze Zeder;2;37,00;5,20;3,88;5,15;Etsy;ORD-10161
07.04.2026;TEX-014;Leinenkissen 45×45;1;39,00;14,50;4,09;0,00;Etsy;ORD-10161
07.04.2026;KRZ-050;Sojakerze Zeder;1;18,50;5,20;2,13;5,23;eBay;ORD-10162
08.04.2026;PRT-220;Kunstdruck A3 Fjord;1;22,00;4,10;2,31;5,00;Etsy;ORD-10163
08.04.2026;PAP-300;Notizbuch Recycling;1;16,00;4,60;1,68;3,66;Etsy;ORD-10164
08.04.2026;TEX-014;Leinenkissen 45×45;2;78,00;14,50;8,19;4,77;Etsy;ORD-10165
09.04.2026;PRT-220;Kunstdruck A3 Fjord;1;22,00;4,10;2,31;4,92;Etsy;ORD-10166
09.04.2026;PRT-220;Kunstdruck A3 Fjord;1;22,00;4,10;2,31;0,00;Etsy;ORD-10166
09.04.2026;KRZ-051;Kerzen-Set 3er;2;90,00;13,80;9,45;5,51;Etsy;ORD-10167
09.04.2026;SEI-010;Naturseife Lavendel;1;9,50;2,40;1,00;4,75;Etsy;ORD-10168
10.04.2026;KER-001;Keramiktasse Sand;1;24,90;7,20;2,61;4,33;Etsy;ORD-10169
10.04.2026;PRT-220;Kunstdruck A3 Fjord;1;22,00;4,10;2,53;4,65;eBay;ORD-10170
10.04.2026;PRT-220;Kunstdruck A3 Fjord;1;22,00;4,10;2,53;0,00;eBay;ORD-10170
10.04.2026;SCH-100;Silberkette Luna;1;59,00;18,00;6,19;5,50;Etsy;ORD-10171
10.04.2026;SEI-010;Naturseife Lavendel;1;9,50;2,40;1,09;4,46;eBay;ORD-10172
11.04.2026;KRZ-050;Sojakerze Zeder;1;18,50;5,20;0,59;4,60;Shopify;ORD-10173
11.04.2026;KER-001;Keramiktasse Sand;1;24,90;7,20;2,61;3,63;Etsy;ORD-10174
12.04.2026;KRZ-050;Sojakerze Zeder;1;18,50;5,20;1,94;5,35;Etsy;ORD-10175
12.04.2026;PRT-220;Kunstdruck A3 Fjord;1;22,00;4,10;2,31;4,80;Etsy;ORD-10176
13.04.2026;KER-001;Keramiktasse Sand;1;24,90;7,20;2,61;3,81;Etsy;ORD-10177
13.04.2026;KER-001;Keramiktasse Sand;1;24,90;7,20;2,61;3,89;Etsy;ORD-10178
13.04.2026;KER-002;Keramikschale Ocean;1;34,00;11,00;3,57;4,08;Etsy;ORD-10179
13.04.2026;TEX-014;Leinenkissen 45×45;2;78,00;14,50;2,50;3,69;Shopify;ORD-10180
14.04.2026;SEI-010;Naturseife Lavendel;1;9,50;2,40;1,00;4,60;Etsy;ORD-10181
14.04.2026;KRZ-050;Sojakerze Zeder;1;18,50;5,20;0,59;5,69;Shopify;ORD-10182
14.04.2026;KRZ-050;Sojakerze Zeder;1;18,50;5,20;0,59;0,00;Shopify;ORD-10182
14.04.2026;PRT-221;Kunstdruck A2 Düne;2;64,00;6,30;2,05;3,80;Shopify;ORD-10183
14.04.2026;KER-002;Keramikschale Ocean;1;34,00;11,00;3,57;3,62;Etsy;ORD-10184
15.04.2026;PAP-300;Notizbuch Recycling;1;16,00;4,60;1,68;4,05;Etsy;ORD-10185
15.04.2026;KRZ-050;Sojakerze Zeder;1;18,50;5,20;0,59;5,13;Shopify;ORD-10186
16.04.2026;SCH-100;Silberkette Luna;1;59,00;18,00;6,79;3,73;eBay;ORD-10187
16.04.2026;KRZ-051;Kerzen-Set 3er;1;45,00;13,80;1,44;5,48;Shopify;ORD-10188
16.04.2026;PRT-220;Kunstdruck A3 Fjord;1;22,00;4,10;0,70;0,00;Shopify;ORD-10188
16.04.2026;TEX-014;Leinenkissen 45×45;2;78,00;14,50;8,97;5,05;eBay;ORD-10189
16.04.2026;KRZ-051;Kerzen-Set 3er;2;90,00;13,80;2,88;5,55;Shopify;ORD-10190
17.04.2026;PRT-221;Kunstdruck A2 Düne;1;32,00;6,30;1,02;3,75;Shopify;ORD-10191
17.04.2026;SEI-010;Naturseife Lavendel;2;19,00;2,40;1,99;4,22;Etsy;ORD-10192
17.04.2026;KRZ-050;Sojakerze Zeder;1;18,50;5,20;1,94;0,00;Etsy;ORD-10192
18.04.2026;KRZ-050;Sojakerze Zeder;1;18,50;5,20;1,94;4,79;Etsy;ORD-10193
19.04.2026;SEI-010;Naturseife Lavendel;2;19,00;2,40;0,61;3,67;Shopify;ORD-10194
19.04.2026;PRT-221;Kunstdruck A2 Düne;1;32,00;6,30;3,36;4,90;Etsy;ORD-10195
19.04.2026;KRZ-051;Kerzen-Set 3er;1;45,00;13,80;4,72;0,00;Etsy;ORD-10195
19.04.2026;SCH-102;Ohrringe Nova;1;29,00;8,40;3,04;5,12;Etsy;ORD-10196
20.04.2026;PRT-220;Kunstdruck A3 Fjord;1;22,00;4,10;2,31;5,08;Etsy;ORD-10197
20.04.2026;SEI-010;Naturseife Lavendel;1;9,50;2,40;0,30;5,06;Shopify;ORD-10198
20.04.2026;PAP-300;Notizbuch Recycling;1;16,00;4,60;0,51;0,00;Shopify;ORD-10198
20.04.2026;PAP-300;Notizbuch Recycling;1;16,00;4,60;0,51;3,96;Shopify;ORD-10199
20.04.2026;PRT-220;Kunstdruck A3 Fjord;1;22,00;4,10;0,70;0,00;Shopify;ORD-10199
21.04.2026;KER-001;Keramiktasse Sand;1;24,90;7,20;0,80;4,59;Shopify;ORD-10200
21.04.2026;SEI-010;Naturseife Lavendel;1;9,50;2,40;0,30;0,00;Shopify;ORD-10200
21.04.2026;KRZ-051;Kerzen-Set 3er;1;45,00;13,80;4,72;4,95;Etsy;ORD-10201
21.04.2026;KER-002;Keramikschale Ocean;1;34,00;11,00;3,57;4,45;Etsy;ORD-10202
21.04.2026;PRT-220;Kunstdruck A3 Fjord;1;22,00;4,10;2,31;0,00;Etsy;ORD-10202
22.04.2026;PRT-220;Kunstdruck A3 Fjord;1;22,00;4,10;0,70;4,18;Shopify;ORD-10203
22.04.2026;PRT-220;Kunstdruck A3 Fjord;1;22,00;4,10;2,31;5,56;Etsy;ORD-10204
22.04.2026;KER-002;Keramikschale Ocean;1;34,00;11,00;1,09;5,27;Shopify;ORD-10205
22.04.2026;PRT-221;Kunstdruck A2 Düne;1;32,00;6,30;1,02;4,98;Shopify;ORD-10206
23.04.2026;KRZ-050;Sojakerze Zeder;1;18,50;5,20;0,59;4,37;Shopify;ORD-10207
23.04.2026;SCH-102;Ohrringe Nova;1;29,00;8,40;3,04;3,61;Etsy;ORD-10208
24.04.2026;KRZ-050;Sojakerze Zeder;1;18,50;5,20;2,13;5,48;eBay;ORD-10209
24.04.2026;PAP-300;Notizbuch Recycling;1;16,00;4,60;1,68;4,58;Etsy;ORD-10210
24.04.2026;KER-001;Keramiktasse Sand;1;24,90;7,20;2,61;5,42;Etsy;ORD-10211
25.04.2026;PRT-220;Kunstdruck A3 Fjord;1;22,00;4,10;2,31;3,62;Etsy;ORD-10212
25.04.2026;PRT-220;Kunstdruck A3 Fjord;1;22,00;4,10;2,31;0,00;Etsy;ORD-10212
25.04.2026;PRT-220;Kunstdruck A3 Fjord;1;22,00;4,10;0,70;5,32;Shopify;ORD-10213
26.04.2026;PRT-220;Kunstdruck A3 Fjord;1;22,00;4,10;2,53;5,31;eBay;ORD-10214
26.04.2026;KRZ-050;Sojakerze Zeder;1;18,50;5,20;0,59;3,89;Shopify;ORD-10215
27.04.2026;KER-001;Keramiktasse Sand;1;24,90;7,20;2,61;3,73;Etsy;ORD-10216
27.04.2026;KRZ-050;Sojakerze Zeder;2;37,00;5,20;3,88;5,71;Etsy;ORD-10217
27.04.2026;KER-002;Keramikschale Ocean;1;34,00;11,00;3,57;0,00;Etsy;ORD-10217
27.04.2026;KER-001;Keramiktasse Sand;1;24,90;7,20;0,80;5,73;Shopify;ORD-10218
28.04.2026;KER-001;Keramiktasse Sand;1;24,90;7,20;2,61;5,76;Etsy;ORD-10219
28.04.2026;TEX-014;Leinenkissen 45×45;1;39,00;14,50;4,09;0,00;Etsy;ORD-10219
28.04.2026;SCH-102;Ohrringe Nova;1;29,00;8,40;3,04;4,64;Etsy;ORD-10220
28.04.2026;SCH-102;Ohrringe Nova;2;58,00;8,40;6,67;3,98;eBay;ORD-10221
28.04.2026;KRZ-051;Kerzen-Set 3er;1;45,00;13,80;4,72;4,03;Etsy;ORD-10222
29.04.2026;TEX-014;Leinenkissen 45×45;2;78,00;14,50;8,19;5,12;Etsy;ORD-10223
29.04.2026;SEI-010;Naturseife Lavendel;1;9,50;2,40;1,00;4,22;Etsy;ORD-10224
29.04.2026;PRT-220;Kunstdruck A3 Fjord;1;22,00;4,10;2,31;4,01;Etsy;ORD-10225
30.04.2026;KRZ-051;Kerzen-Set 3er;1;45,00;13,80;4,72;5,01;Etsy;ORD-10226
30.04.2026;PRT-220;Kunstdruck A3 Fjord;1;22,00;4,10;2,31;4,90;Etsy;ORD-10227
30.04.2026;PRT-220;Kunstdruck A3 Fjord;2;44,00;4,10;4,62;4,09;Etsy;ORD-10228
30.04.2026;KER-002;Keramikschale Ocean;1;34,00;11,00;3,57;4,44;Etsy;ORD-10229
30.04.2026;PRT-220;Kunstdruck A3 Fjord;1;22,00;4,10;2,31;0,00;Etsy;ORD-10229
01.05.2026;KRZ-050;Sojakerze Zeder;1;18,50;5,20;0,59;5,62;Shopify;ORD-10230
01.05.2026;KRZ-050;Sojakerze Zeder;1;18,50;5,20;1,94;3,85;Etsy;ORD-10231
01.05.2026;PRT-220;Kunstdruck A3 Fjord;1;22,00;4,10;2,31;4,89;Etsy;ORD-10232
02.05.2026;PRT-220;Kunstdruck A3 Fjord;1;22,00;4,10;0,70;3,77;Shopify;ORD-10233
02.05.2026;KRZ-050;Sojakerze Zeder;2;37,00;5,20;3,88;5,12;Etsy;ORD-10234
03.05.2026;KER-002;Keramikschale Ocean;1;34,00;11,00;3,57;5,10;Etsy;ORD-10235
03.05.2026;PRT-220;Kunstdruck A3 Fjord;1;22,00;4,10;2,31;4,35;Etsy;ORD-10236
03.05.2026;KER-001;Keramiktasse Sand;1;24,90;7,20;2,61;0,00;Etsy;ORD-10236
03.05.2026;SCH-102;Ohrringe Nova;1;29,00;8,40;3,04;3,88;Etsy;ORD-10237
04.05.2026;SCH-102;Ohrringe Nova;1;29,00;8,40;0,93;4,63;Shopify;ORD-10238
04.05.2026;KER-002;Keramikschale Ocean;2;68,00;11,00;7,14;4,27;Etsy;ORD-10239
04.05.2026;PRT-220;Kunstdruck A3 Fjord;1;22,00;4,10;2,31;0,00;Etsy;ORD-10239
04.05.2026;KRZ-050;Sojakerze Zeder;1;18,50;5,20;2,13;4,72;eBay;ORD-10240
05.05.2026;SEI-010;Naturseife Lavendel;1;9,50;2,40;1,09;5,45;eBay;ORD-10241
05.05.2026;KRZ-050;Sojakerze Zeder;1;18,50;5,20;1,94;5,62;Etsy;ORD-10242
05.05.2026;PRT-221;Kunstdruck A2 Düne;1;32,00;6,30;1,02;4,06;Shopify;ORD-10243
05.05.2026;KRZ-051;Kerzen-Set 3er;1;45,00;13,80;1,44;0,00;Shopify;ORD-10243
06.05.2026;KER-002;Keramikschale Ocean;2;68,00;11,00;2,18;3,63;Shopify;ORD-10244
06.05.2026;SEI-010;Naturseife Lavendel;1;9,50;2,40;1,00;4,22;Etsy;ORD-10245
06.05.2026;PAP-300;Notizbuch Recycling;2;32,00;4,60;1,02;4,07;Shopify;ORD-10246
07.05.2026;KER-001;Keramiktasse Sand;1;24,90;7,20;2,61;4,62;Etsy;ORD-10247
07.05.2026;PRT-220;Kunstdruck A3 Fjord;1;22,00;4,10;0,70;3,88;Shopify;ORD-10248
07.05.2026;SCH-102;Ohrringe Nova;1;29,00;8,40;3,04;5,56;Etsy;ORD-10249
08.05.2026;PAP-300;Notizbuch Recycling;1;16,00;4,60;1,68;4,17;Etsy;ORD-10250
08.05.2026;KER-002;Keramikschale Ocean;1;34,00;11,00;3,91;4,19;eBay;ORD-10251
08.05.2026;SCH-102;Ohrringe Nova;1;29,00;8,40;3,33;0,00;eBay;ORD-10251
09.05.2026;SEI-010;Naturseife Lavendel;1;9,50;2,40;1,00;4,82;Etsy;ORD-10252
09.05.2026;PRT-220;Kunstdruck A3 Fjord;1;22,00;4,10;2,31;4,27;Etsy;ORD-10253
10.05.2026;SEI-010;Naturseife Lavendel;1;9,50;2,40;0,30;4,15;Shopify;ORD-10254
11.05.2026;KRZ-050;Sojakerze Zeder;1;18,50;5,20;0,59;4,03;Shopify;ORD-10255
11.05.2026;PAP-300;Notizbuch Recycling;1;16,00;4,60;0,51;4,90;Shopify;ORD-10256
11.05.2026;SCH-102;Ohrringe Nova;2;58,00;8,40;1,86;0,00;Shopify;ORD-10256
11.05.2026;KER-001;Keramiktasse Sand;1;24,90;7,20;0,80;5,64;Shopify;ORD-10257
11.05.2026;KRZ-051;Kerzen-Set 3er;1;45,00;13,80;1,44;0,00;Shopify;ORD-10257
11.05.2026;PAP-300;Notizbuch Recycling;1;16,00;4,60;1,68;3,95;Etsy;ORD-10258
12.05.2026;SEI-010;Naturseife Lavendel;1;9,50;2,40;0,30;4,31;Shopify;ORD-10259
12.05.2026;KRZ-051;Kerzen-Set 3er;2;90,00;13,80;10,35;4,05;eBay;ORD-10260
12.05.2026;PRT-220;Kunstdruck A3 Fjord;1;22,00;4,10;2,31;3,93;Etsy;ORD-10261
13.05.2026;SCH-100;Silberkette Luna;1;59,00;18,00;6,19;3,64;Etsy;ORD-10262
13.05.2026;KER-001;Keramiktasse Sand;1;24,90;7,20;2,61;0,00;Etsy;ORD-10262
13.05.2026;KER-002;Keramikschale Ocean;1;34,00;11,00;1,09;4,54;Shopify;ORD-10263
14.05.2026;SEI-010;Naturseife Lavendel;1;9,50;2,40;1,00;4,64;Etsy;ORD-10264
14.05.2026;TEX-014;Leinenkissen 45×45;1;39,00;14,50;4,09;5,41;Etsy;ORD-10265
14.05.2026;SCH-102;Ohrringe Nova;1;29,00;8,40;0,93;4,80;Shopify;ORD-10266
15.05.2026;KER-002;Keramikschale Ocean;1;34,00;11,00;1,09;5,39;Shopify;ORD-10267
15.05.2026;KER-002;Keramikschale Ocean;1;34,00;11,00;1,09;5,79;Shopify;ORD-10268
16.05.2026;PRT-220;Kunstdruck A3 Fjord;1;22,00;4,10;2,31;4,81;Etsy;ORD-10269
16.05.2026;PRT-220;Kunstdruck A3 Fjord;2;44,00;4,10;4,62;5,51;Etsy;ORD-10270
16.05.2026;KER-002;Keramikschale Ocean;1;34,00;11,00;3,57;5,77;Etsy;ORD-10271
16.05.2026;KER-001;Keramiktasse Sand;1;24,90;7,20;2,61;0,00;Etsy;ORD-10271
17.05.2026;KRZ-050;Sojakerze Zeder;2;37,00;5,20;3,88;4,32;Etsy;ORD-10272
17.05.2026;PRT-220;Kunstdruck A3 Fjord;1;22,00;4,10;0,70;5,24;Shopify;ORD-10273
18.05.2026;PAP-300;Notizbuch Recycling;1;16,00;4,60;1,84;4,74;eBay;ORD-10274
18.05.2026;PRT-221;Kunstdruck A2 Düne;1;32,00;6,30;3,68;0,00;eBay;ORD-10274
18.05.2026;SEI-010;Naturseife Lavendel;1;9,50;2,40;1,00;3,68;Etsy;ORD-10275
18.05.2026;PAP-300;Notizbuch Recycling;1;16,00;4,60;1,68;5,15;Etsy;ORD-10276
18.05.2026;SEI-010;Naturseife Lavendel;1;9,50;2,40;1,00;0,00;Etsy;ORD-10276
18.05.2026;KER-001;Keramiktasse Sand;1;24,90;7,20;2,61;4,79;Etsy;ORD-10277
19.05.2026;KRZ-050;Sojakerze Zeder;1;18,50;5,20;1,94;4,85;Etsy;ORD-10278
19.05.2026;SCH-100;Silberkette Luna;1;59,00;18,00;6,19;4,88;Etsy;ORD-10279
19.05.2026;SEI-010;Naturseife Lavendel;1;9,50;2,40;0,30;5,13;Shopify;ORD-10280
19.05.2026;KRZ-050;Sojakerze Zeder;1;18,50;5,20;1,94;4,13;Etsy;ORD-10281
19.05.2026;TEX-014;Leinenkissen 45×45;1;39,00;14,50;4,09;0,00;Etsy;ORD-10281
20.05.2026;KRZ-050;Sojakerze Zeder;1;18,50;5,20;1,94;4,89;Etsy;ORD-10282
20.05.2026;TEX-014;Leinenkissen 45×45;1;39,00;14,50;4,09;5,61;Etsy;ORD-10283
21.05.2026;SCH-102;Ohrringe Nova;2;58,00;8,40;6,67;5,05;eBay;ORD-10284
21.05.2026;SCH-102;Ohrringe Nova;1;29,00;8,40;3,33;0,00;eBay;ORD-10284
21.05.2026;SEI-010;Naturseife Lavendel;1;9,50;2,40;1,00;4,54;Etsy;ORD-10285
21.05.2026;KER-002;Keramikschale Ocean;1;34,00;11,00;3,57;5,49;Etsy;ORD-10286
22.05.2026;KRZ-050;Sojakerze Zeder;1;18,50;5,20;1,94;4,09;Etsy;ORD-10287
22.05.2026;KER-001;Keramiktasse Sand;1;24,90;7,20;2,61;0,00;Etsy;ORD-10287
22.05.2026;PRT-221;Kunstdruck A2 Düne;1;32,00;6,30;3,68;4,41;eBay;ORD-10288
22.05.2026;KER-002;Keramikschale Ocean;1;34,00;11,00;3,91;0,00;eBay;ORD-10288
22.05.2026;KER-002;Keramikschale Ocean;1;34,00;11,00;3,91;4,47;eBay;ORD-10289
22.05.2026;PRT-220;Kunstdruck A3 Fjord;2;44,00;4,10;5,06;0,00;eBay;ORD-10289
23.05.2026;KRZ-050;Sojakerze Zeder;1;18,50;5,20;1,94;5,67;Etsy;ORD-10290
23.05.2026;KRZ-050;Sojakerze Zeder;1;18,50;5,20;0,59;5,08;Shopify;ORD-10291
23.05.2026;PRT-220;Kunstdruck A3 Fjord;1;22,00;4,10;2,31;5,06;Etsy;ORD-10292
24.05.2026;SEI-010;Naturseife Lavendel;1;9,50;2,40;1,00;4,14;Etsy;ORD-10293
24.05.2026;SEI-010;Naturseife Lavendel;1;9,50;2,40;1,00;0,00;Etsy;ORD-10293
25.05.2026;SEI-010;Naturseife Lavendel;2;19,00;2,40;0,61;4,66;Shopify;ORD-10294
25.05.2026;KER-002;Keramikschale Ocean;1;34,00;11,00;1,09;0,00;Shopify;ORD-10294
25.05.2026;KRZ-051;Kerzen-Set 3er;2;90,00;13,80;9,45;5,70;Etsy;ORD-10295
25.05.2026;SCH-100;Silberkette Luna;1;59,00;18,00;1,89;4,19;Shopify;ORD-10296
25.05.2026;TEX-014;Leinenkissen 45×45;1;39,00;14,50;4,09;5,42;Etsy;ORD-10297
25.05.2026;PAP-300;Notizbuch Recycling;1;16,00;4,60;1,68;0,00;Etsy;ORD-10297
26.05.2026;KER-002;Keramikschale Ocean;1;34,00;11,00;3,57;3,96;Etsy;ORD-10298
26.05.2026;KER-001;Keramiktasse Sand;2;49,80;7,20;1,59;3,84;Shopify;ORD-10299
27.05.2026;KER-001;Keramiktasse Sand;1;24,90;7,20;2,61;4,61;Etsy;ORD-10300
27.05.2026;KER-001;Keramiktasse Sand;1;24,90;7,20;0,80;4,87;Shopify;ORD-10301
28.05.2026;KER-001;Keramiktasse Sand;1;24,90;7,20;2,61;4,22;Etsy;ORD-10302
28.05.2026;KRZ-051;Kerzen-Set 3er;2;90,00;13,80;9,45;5,59;Etsy;ORD-10303
28.05.2026;KER-001;Keramiktasse Sand;1;24,90;7,20;2,61;5,74;Etsy;ORD-10304
28.05.2026;PRT-220;Kunstdruck A3 Fjord;1;22,00;4,10;2,31;0,00;Etsy;ORD-10304
29.05.2026;PRT-220;Kunstdruck A3 Fjord;1;22,00;4,10;2,31;3,69;Etsy;ORD-10305
29.05.2026;PRT-220;Kunstdruck A3 Fjord;1;22,00;4,10;0,70;5,20;Shopify;ORD-10306
30.05.2026;PRT-220;Kunstdruck A3 Fjord;1;22,00;4,10;0,70;5,24;Shopify;ORD-10307
31.05.2026;PAP-300;Notizbuch Recycling;1;16,00;4,60;0,51;5,14;Shopify;ORD-10308
31.05.2026;PRT-221;Kunstdruck A2 Düne;1;32,00;6,30;1,02;0,00;Shopify;ORD-10308
31.05.2026;PRT-220;Kunstdruck A3 Fjord;1;22,00;4,10;2,31;3,81;Etsy;ORD-10309
01.06.2026;KRZ-050;Sojakerze Zeder;1;18,50;5,20;2,13;4,72;eBay;ORD-10310
01.06.2026;PRT-220;Kunstdruck A3 Fjord;1;22,00;4,10;2,31;4,20;Etsy;ORD-10311
01.06.2026;SEI-010;Naturseife Lavendel;1;9,50;2,40;1,00;5,23;Etsy;ORD-10312
02.06.2026;TEX-014;Leinenkissen 45×45;2;78,00;14,50;8,19;5,41;Etsy;ORD-10313
03.06.2026;SEI-010;Naturseife Lavendel;1;9,50;2,40;1,09;5,66;eBay;ORD-10314
03.06.2026;SEI-010;Naturseife Lavendel;2;19,00;2,40;2,19;0,00;eBay;ORD-10314
03.06.2026;SCH-102;Ohrringe Nova;1;29,00;8,40;3,04;4,32;Etsy;ORD-10315
04.06.2026;PRT-221;Kunstdruck A2 Düne;1;32,00;6,30;3,36;5,50;Etsy;ORD-10316
04.06.2026;KRZ-050;Sojakerze Zeder;2;37,00;5,20;4,25;4,77;eBay;ORD-10317
05.06.2026;KER-001;Keramiktasse Sand;1;24,90;7,20;2,86;4,84;eBay;ORD-10318
05.06.2026;KER-002;Keramikschale Ocean;1;34,00;11,00;1,09;4,51;Shopify;ORD-10319
05.06.2026;KRZ-051;Kerzen-Set 3er;1;45,00;13,80;5,17;4,69;eBay;ORD-10320
06.06.2026;PRT-221;Kunstdruck A2 Düne;1;32,00;6,30;1,02;4,14;Shopify;ORD-10321
06.06.2026;KER-002;Keramikschale Ocean;1;34,00;11,00;1,09;5,55;Shopify;ORD-10322
06.06.2026;SEI-010;Naturseife Lavendel;1;9,50;2,40;0,30;5,40;Shopify;ORD-10323
07.06.2026;SCH-100;Silberkette Luna;1;59,00;18,00;6,19;5,74;Etsy;ORD-10324
07.06.2026;KER-001;Keramiktasse Sand;1;24,90;7,20;2,61;4,58;Etsy;ORD-10325
08.06.2026;SEI-010;Naturseife Lavendel;2;19,00;2,40;1,99;5,53;Etsy;ORD-10326
09.06.2026;PAP-300;Notizbuch Recycling;1;16,00;4,60;0,51;3,77;Shopify;ORD-10327
10.06.2026;SCH-102;Ohrringe Nova;1;29,00;8,40;3,33;4,87;eBay;ORD-10328
10.06.2026;PRT-220;Kunstdruck A3 Fjord;1;22,00;4,10;2,31;4,58;Etsy;ORD-10329
10.06.2026;PRT-221;Kunstdruck A2 Düne;1;32,00;6,30;3,36;4,67;Etsy;ORD-10330
11.06.2026;KRZ-050;Sojakerze Zeder;1;18,50;5,20;1,94;4,95;Etsy;ORD-10331
11.06.2026;KRZ-050;Sojakerze Zeder;1;18,50;5,20;1,94;0,00;Etsy;ORD-10331
11.06.2026;PRT-220;Kunstdruck A3 Fjord;1;22,00;4,10;2,53;3,63;eBay;ORD-10332
11.06.2026;SCH-102;Ohrringe Nova;2;58,00;8,40;6,67;0,00;eBay;ORD-10332
12.06.2026;PRT-220;Kunstdruck A3 Fjord;1;22,00;4,10;2,31;5,76;Etsy;ORD-10333
12.06.2026;PAP-300;Notizbuch Recycling;1;16,00;4,60;1,68;5,16;Etsy;ORD-10334
12.06.2026;PRT-220;Kunstdruck A3 Fjord;1;22,00;4,10;2,53;4,90;eBay;ORD-10335
13.06.2026;SCH-102;Ohrringe Nova;1;29,00;8,40;3,04;3,93;Etsy;ORD-10336
13.06.2026;PRT-220;Kunstdruck A3 Fjord;1;22,00;4,10;0,70;5,35;Shopify;ORD-10337
14.06.2026;KER-002;Keramikschale Ocean;2;68,00;11,00;2,18;3,64;Shopify;ORD-10338
15.06.2026;SCH-102;Ohrringe Nova;1;29,00;8,40;3,04;4,65;Etsy;ORD-10339
15.06.2026;KRZ-050;Sojakerze Zeder;1;18,50;5,20;1,94;4,71;Etsy;ORD-10340
15.06.2026;TEX-020;Wolldecke Nordic;2;178,00;34,00;18,69;0,00;Etsy;ORD-10340
16.06.2026;KER-001;Keramiktasse Sand;1;24,90;7,20;2,86;5,34;eBay;ORD-10341
16.06.2026;SCH-102;Ohrringe Nova;1;29,00;8,40;3,04;3,89;Etsy;ORD-10342
16.06.2026;PAP-300;Notizbuch Recycling;1;16,00;4,60;1,84;5,14;eBay;ORD-10343
16.06.2026;SEI-010;Naturseife Lavendel;1;9,50;2,40;1,09;4,43;eBay;ORD-10344
16.06.2026;KER-001;Keramiktasse Sand;1;24,90;7,20;2,86;0,00;eBay;ORD-10344
17.06.2026;PAP-300;Notizbuch Recycling;1;16,00;4,60;1,84;5,47;eBay;ORD-10345
17.06.2026;KER-001;Keramiktasse Sand;1;24,90;7,20;2,61;4,28;Etsy;ORD-10346
17.06.2026;SCH-102;Ohrringe Nova;1;29,00;8,40;3,04;0,00;Etsy;ORD-10346
17.06.2026;KER-001;Keramiktasse Sand;1;24,90;7,20;0,80;3,82;Shopify;ORD-10347
18.06.2026;SEI-010;Naturseife Lavendel;1;9,50;2,40;1,00;5,40;Etsy;ORD-10348
18.06.2026;KRZ-050;Sojakerze Zeder;1;18,50;5,20;1,94;5,78;Etsy;ORD-10349
18.06.2026;KER-002;Keramikschale Ocean;1;34,00;11,00;3,57;0,00;Etsy;ORD-10349
19.06.2026;PRT-221;Kunstdruck A2 Düne;1;32,00;6,30;1,02;3,81;Shopify;ORD-10350
19.06.2026;KRZ-051;Kerzen-Set 3er;1;45,00;13,80;4,72;4,75;Etsy;ORD-10351
19.06.2026;KER-001;Keramiktasse Sand;1;24,90;7,20;2,61;4,45;Etsy;ORD-10352
19.06.2026;SCH-100;Silberkette Luna;1;59,00;18,00;6,19;0,00;Etsy;ORD-10352
20.06.2026;KER-001;Keramiktasse Sand;1;24,90;7,20;0,80;4,85;Shopify;ORD-10353
20.06.2026;PRT-221;Kunstdruck A2 Düne;1;32,00;6,30;1,02;0,00;Shopify;ORD-10353
20.06.2026;PRT-220;Kunstdruck A3 Fjord;1;22,00;4,10;2,31;5,79;Etsy;ORD-10354
21.06.2026;KER-001;Keramiktasse Sand;2;49,80;7,20;5,23;4,94;Etsy;ORD-10355
22.06.2026;KRZ-050;Sojakerze Zeder;1;18,50;5,20;1,94;4,45;Etsy;ORD-10356
22.06.2026;PAP-300;Notizbuch Recycling;1;16,00;4,60;0,51;3,95;Shopify;ORD-10357
23.06.2026;SCH-100;Silberkette Luna;1;59,00;18,00;1,89;3,82;Shopify;ORD-10358
23.06.2026;PRT-220;Kunstdruck A3 Fjord;1;22,00;4,10;0,70;4,59;Shopify;ORD-10359
24.06.2026;KER-001;Keramiktasse Sand;1;24,90;7,20;2,61;4,81;Etsy;ORD-10360
24.06.2026;KRZ-050;Sojakerze Zeder;1;18,50;5,20;1,94;4,18;Etsy;ORD-10361
24.06.2026;PAP-300;Notizbuch Recycling;1;16,00;4,60;1,68;5,00;Etsy;ORD-10362
25.06.2026;SCH-102;Ohrringe Nova;1;29,00;8,40;3,04;5,58;Etsy;ORD-10363
25.06.2026;TEX-014;Leinenkissen 45×45;1;39,00;14,50;4,09;5,15;Etsy;ORD-10364
25.06.2026;TEX-014;Leinenkissen 45×45;2;78,00;14,50;8,19;4,37;Etsy;ORD-10365
26.06.2026;KRZ-050;Sojakerze Zeder;1;18,50;5,20;1,94;4,03;Etsy;ORD-10366
26.06.2026;KRZ-050;Sojakerze Zeder;1;18,50;5,20;1,94;0,00;Etsy;ORD-10366
26.06.2026;SCH-100;Silberkette Luna;2;118,00;18,00;12,39;5,00;Etsy;ORD-10367
26.06.2026;TEX-020;Wolldecke Nordic;1;89,00;34,00;9,34;0,00;Etsy;ORD-10367
26.06.2026;PAP-300;Notizbuch Recycling;2;32,00;4,60;1,02;4,66;Shopify;ORD-10368
26.06.2026;KER-001;Keramiktasse Sand;1;24,90;7,20;0,80;0,00;Shopify;ORD-10368
27.06.2026;KRZ-051;Kerzen-Set 3er;1;45,00;13,80;4,72;4,58;Etsy;ORD-10369
27.06.2026;SCH-102;Ohrringe Nova;1;29,00;8,40;0,93;5,05;Shopify;ORD-10370
28.06.2026;PAP-300;Notizbuch Recycling;1;16,00;4,60;1,84;4,31;eBay;ORD-10371
28.06.2026;TEX-014;Leinenkissen 45×45;1;39,00;14,50;4,49;0,00;eBay;ORD-10371
28.06.2026;SCH-100;Silberkette Luna;1;59,00;18,00;1,89;3,63;Shopify;ORD-10372
29.06.2026;PAP-300;Notizbuch Recycling;1;16,00;4,60;1,68;5,50;Etsy;ORD-10373
29.06.2026;KER-001;Keramiktasse Sand;1;24,90;7,20;0,80;5,44;Shopify;ORD-10374
29.06.2026;PAP-300;Notizbuch Recycling;1;16,00;4,60;1,68;4,25;Etsy;ORD-10375
30.06.2026;SEI-010;Naturseife Lavendel;1;9,50;2,40;0,30;4,38;Shopify;ORD-10376
30.06.2026;TEX-020;Wolldecke Nordic;1;89,00;34,00;2,85;0,00;Shopify;ORD-10376
30.06.2026;KER-001;Keramiktasse Sand;2;49,80;7,20;5,23;4,54;Etsy;ORD-10377
30.06.2026;KRZ-051;Kerzen-Set 3er;1;45,00;13,80;5,17;3,75;eBay;ORD-10378
01.07.2026;TEX-020;Wolldecke Nordic;1;89,00;34,00;9,34;5,75;Etsy;ORD-10379
01.07.2026;SEI-010;Naturseife Lavendel;1;9,50;2,40;1,00;4,01;Etsy;ORD-10380
01.07.2026;KER-001;Keramiktasse Sand;1;24,90;7,20;2,61;5,77;Etsy;ORD-10381
02.07.2026;KER-002;Keramikschale Ocean;1;34,00;11,00;3,91;5,33;eBay;ORD-10382
02.07.2026;KER-001;Keramiktasse Sand;1;24,90;7,20;0,80;3,68;Shopify;ORD-10383
02.07.2026;KER-001;Keramiktasse Sand;1;24,90;7,20;2,61;3,75;Etsy;ORD-10384
02.07.2026;SEI-010;Naturseife Lavendel;1;9,50;2,40;1,00;0,00;Etsy;ORD-10384
03.07.2026;KER-001;Keramiktasse Sand;1;24,90;7,20;0,80;4,61;Shopify;ORD-10385
03.07.2026;PRT-220;Kunstdruck A3 Fjord;1;22,00;4,10;2,31;5,32;Etsy;ORD-10386
03.07.2026;KER-001;Keramiktasse Sand;1;24,90;7,20;0,80;5,18;Shopify;ORD-10387
04.07.2026;KER-001;Keramiktasse Sand;1;24,90;7,20;0,80;4,01;Shopify;ORD-10388
04.07.2026;SEI-010;Naturseife Lavendel;1;9,50;2,40;0,30;4,15;Shopify;ORD-10389
04.07.2026;PAP-300;Notizbuch Recycling;1;16,00;4,60;1,68;5,77;Etsy;ORD-10390
05.07.2026;KER-002;Keramikschale Ocean;1;34,00;11,00;3,57;4,94;Etsy;ORD-10391
06.07.2026;KER-002;Keramikschale Ocean;1;34,00;11,00;3,91;4,29;eBay;ORD-10392
06.07.2026;SEI-010;Naturseife Lavendel;1;9,50;2,40;1,00;3,65;Etsy;ORD-10393
06.07.2026;SEI-010;Naturseife Lavendel;1;9,50;2,40;1,00;0,00;Etsy;ORD-10393
06.07.2026;SEI-010;Naturseife Lavendel;1;9,50;2,40;0,30;5,77;Shopify;ORD-10394
07.07.2026;KRZ-050;Sojakerze Zeder;1;18,50;5,20;1,94;3,80;Etsy;ORD-10395
07.07.2026;SCH-100;Silberkette Luna;1;59,00;18,00;6,79;5,59;eBay;ORD-10396
07.07.2026;SEI-010;Naturseife Lavendel;1;9,50;2,40;1,09;0,00;eBay;ORD-10396
08.07.2026;KER-002;Keramikschale Ocean;1;34,00;11,00;3,57;4,20;Etsy;ORD-10397
08.07.2026;SEI-010;Naturseife Lavendel;1;9,50;2,40;1,00;0,00;Etsy;ORD-10397
08.07.2026;SEI-010;Naturseife Lavendel;1;9,50;2,40;1,09;4,98;eBay;ORD-10398
09.07.2026;PRT-220;Kunstdruck A3 Fjord;1;22,00;4,10;2,53;5,76;eBay;ORD-10399
09.07.2026;KER-002;Keramikschale Ocean;2;68,00;11,00;7,14;4,86;Etsy;ORD-10400
09.07.2026;KER-001;Keramiktasse Sand;2;49,80;7,20;5,73;4,20;eBay;ORD-10401
10.07.2026;SCH-102;Ohrringe Nova;1;29,00;8,40;3,04;4,43;Etsy;ORD-10402
10.07.2026;SEI-010;Naturseife Lavendel;1;9,50;2,40;0,30;4,39;Shopify;ORD-10403
10.07.2026;PAP-300;Notizbuch Recycling;1;16,00;4,60;0,51;0,00;Shopify;ORD-10403
10.07.2026;SCH-100;Silberkette Luna;1;59,00;18,00;6,79;4,20;eBay;ORD-10404
11.07.2026;SCH-102;Ohrringe Nova;1;29,00;8,40;3,33;4,37;eBay;ORD-10405
11.07.2026;SCH-102;Ohrringe Nova;1;29,00;8,40;3,04;3,78;Etsy;ORD-10406
12.07.2026;SCH-102;Ohrringe Nova;1;29,00;8,40;3,04;3,74;Etsy;ORD-10407
12.07.2026;PRT-220;Kunstdruck A3 Fjord;1;22,00;4,10;0,70;5,57;Shopify;ORD-10408
12.07.2026;KRZ-051;Kerzen-Set 3er;1;45,00;13,80;4,72;4,21;Etsy;ORD-10409
12.07.2026;SCH-102;Ohrringe Nova;1;29,00;8,40;3,04;0,00;Etsy;ORD-10409
13.07.2026;PRT-220;Kunstdruck A3 Fjord;1;22,00;4,10;2,31;5,56;Etsy;ORD-10410
13.07.2026;PRT-220;Kunstdruck A3 Fjord;2;44,00;4,10;4,62;0,00;Etsy;ORD-10410
13.07.2026;SEI-010;Naturseife Lavendel;1;9,50;2,40;1,00;5,59;Etsy;ORD-10411
13.07.2026;PRT-221;Kunstdruck A2 Düne;1;32,00;6,30;3,36;0,00;Etsy;ORD-10411
13.07.2026;KER-002;Keramikschale Ocean;1;34,00;11,00;3,57;3,69;Etsy;ORD-10412
13.07.2026;SCH-102;Ohrringe Nova;1;29,00;8,40;3,04;0,00;Etsy;ORD-10412
13.07.2026;TEX-020;Wolldecke Nordic;1;89,00;34,00;9,34;5,26;Etsy;ORD-10413
14.07.2026;PAP-300;Notizbuch Recycling;1;16,00;4,60;1,84;4,29;eBay;ORD-10414
14.07.2026;KER-002;Keramikschale Ocean;1;34,00;11,00;3,57;4,20;Etsy;ORD-10415
14.07.2026;KER-002;Keramikschale Ocean;1;34,00;11,00;3,57;4,19;Etsy;ORD-10416
15.07.2026;KRZ-050;Sojakerze Zeder;1;18,50;5,20;1,94;5,46;Etsy;ORD-10417
15.07.2026;SCH-100;Silberkette Luna;1;59,00;18,00;6,79;5,60;eBay;ORD-10418
15.07.2026;KER-001;Keramiktasse Sand;1;24,90;7,20;2,61;3,62;Etsy;ORD-10419
15.07.2026;KRZ-050;Sojakerze Zeder;1;18,50;5,20;2,13;3,76;eBay;ORD-10420
16.07.2026;KRZ-050;Sojakerze Zeder;1;18,50;5,20;1,94;4,73;Etsy;ORD-10421
16.07.2026;PAP-300;Notizbuch Recycling;2;32,00;4,60;3,36;4,27;Etsy;ORD-10422
16.07.2026;SEI-010;Naturseife Lavendel;1;9,50;2,40;1,00;5,07;Etsy;ORD-10423
17.07.2026;KRZ-050;Sojakerze Zeder;2;37,00;5,20;3,88;3,77;Etsy;ORD-10424
17.07.2026;PRT-221;Kunstdruck A2 Düne;2;64,00;6,30;6,72;0,00;Etsy;ORD-10424
17.07.2026;PAP-300;Notizbuch Recycling;1;16,00;4,60;0,51;5,08;Shopify;ORD-10425
17.07.2026;PRT-220;Kunstdruck A3 Fjord;1;22,00;4,10;0,70;4,55;Shopify;ORD-10426
18.07.2026;PAP-300;Notizbuch Recycling;1;16,00;4,60;0,51;4,24;Shopify;ORD-10427
18.07.2026;SCH-102;Ohrringe Nova;1;29,00;8,40;3,04;5,45;Etsy;ORD-10428
18.07.2026;KER-002;Keramikschale Ocean;2;68,00;11,00;7,14;4,89;Etsy;ORD-10429
19.07.2026;KER-001;Keramiktasse Sand;1;24,90;7,20;2,61;4,72;Etsy;ORD-10430
19.07.2026;KRZ-050;Sojakerze Zeder;1;18,50;5,20;0,59;5,58;Shopify;ORD-10431
20.07.2026;KER-001;Keramiktasse Sand;1;24,90;7,20;0,80;5,45;Shopify;ORD-10432
20.07.2026;PRT-221;Kunstdruck A2 Düne;1;32,00;6,30;1,02;5,65;Shopify;ORD-10433
20.07.2026;SCH-102;Ohrringe Nova;1;29,00;8,40;0,93;0,00;Shopify;ORD-10433
20.07.2026;KRZ-050;Sojakerze Zeder;1;18,50;5,20;0,59;4,37;Shopify;ORD-10434
21.07.2026;KRZ-050;Sojakerze Zeder;1;18,50;5,20;1,94;5,00;Etsy;ORD-10435
21.07.2026;KRZ-050;Sojakerze Zeder;1;18,50;5,20;1,94;4,29;Etsy;ORD-10436
21.07.2026;SCH-100;Silberkette Luna;2;118,00;18,00;12,39;4,68;Etsy;ORD-10437
21.07.2026;SEI-010;Naturseife Lavendel;1;9,50;2,40;1,00;0,00;Etsy;ORD-10437
21.07.2026;PRT-220;Kunstdruck A3 Fjord;1;22,00;4,10;2,53;5,47;eBay;ORD-10438
22.07.2026;PRT-220;Kunstdruck A3 Fjord;1;22,00;4,10;2,31;3,98;Etsy;ORD-10439
22.07.2026;KER-002;Keramikschale Ocean;2;68,00;11,00;7,14;4,61;Etsy;ORD-10440
22.07.2026;SEI-010;Naturseife Lavendel;1;9,50;2,40;0,30;5,22;Shopify;ORD-10441
22.07.2026;TEX-014;Leinenkissen 45×45;2;78,00;14,50;8,19;5,43;Etsy;ORD-10442
23.07.2026;KER-001;Keramiktasse Sand;2;49,80;7,20;1,59;4,11;Shopify;ORD-10443
23.07.2026;KRZ-051;Kerzen-Set 3er;1;45,00;13,80;1,44;5,02;Shopify;ORD-10444
23.07.2026;PRT-220;Kunstdruck A3 Fjord;1;22,00;4,10;2,31;3,74;Etsy;ORD-10445
24.07.2026;PRT-220;Kunstdruck A3 Fjord;1;22,00;4,10;2,31;4,69;Etsy;ORD-10446
24.07.2026;SEI-010;Naturseife Lavendel;1;9,50;2,40;1,00;5,49;Etsy;ORD-10447
24.07.2026;PRT-221;Kunstdruck A2 Düne;1;32,00;6,30;1,02;5,00;Shopify;ORD-10448
25.07.2026;PAP-300;Notizbuch Recycling;1;16,00;4,60;0,51;4,98;Shopify;ORD-10449
25.07.2026;PRT-220;Kunstdruck A3 Fjord;2;44,00;4,10;4,62;4,84;Etsy;ORD-10450
26.07.2026;SCH-100;Silberkette Luna;1;59,00;18,00;1,89;5,11;Shopify;ORD-10451
26.07.2026;PRT-220;Kunstdruck A3 Fjord;1;22,00;4,10;2,31;5,49;Etsy;ORD-10452
26.07.2026;SEI-010;Naturseife Lavendel;1;9,50;2,40;1,09;3,77;eBay;ORD-10453
26.07.2026;KER-001;Keramiktasse Sand;2;49,80;7,20;5,73;0,00;eBay;ORD-10453
26.07.2026;PRT-220;Kunstdruck A3 Fjord;1;22,00;4,10;2,31;5,30;Etsy;ORD-10454
27.07.2026;KER-001;Keramiktasse Sand;1;24,90;7,20;2,61;5,75;Etsy;ORD-10455
27.07.2026;PAP-300;Notizbuch Recycling;1;16,00;4,60;1,68;0,00;Etsy;ORD-10455
27.07.2026;KRZ-050;Sojakerze Zeder;1;18,50;5,20;0,59;3,86;Shopify;ORD-10456
27.07.2026;KRZ-051;Kerzen-Set 3er;1;45,00;13,80;4,72;5,03;Etsy;ORD-10457
28.07.2026;KRZ-050;Sojakerze Zeder;1;18,50;5,20;0,59;4,34;Shopify;ORD-10458
28.07.2026;SCH-100;Silberkette Luna;1;59,00;18,00;1,89;4,96;Shopify;ORD-10459
28.07.2026;PAP-300;Notizbuch Recycling;1;16,00;4,60;0,51;3,80;Shopify;ORD-10460
28.07.2026;SEI-010;Naturseife Lavendel;1;9,50;2,40;0,30;0,00;Shopify;ORD-10460
28.07.2026;TEX-014;Leinenkissen 45×45;1;39,00;14,50;4,09;4,56;Etsy;ORD-10461
28.07.2026;PRT-220;Kunstdruck A3 Fjord;2;44,00;4,10;4,62;0,00;Etsy;ORD-10461
29.07.2026;KER-002;Keramikschale Ocean;1;34,00;11,00;3,57;4,44;Etsy;ORD-10462
29.07.2026;KER-002;Keramikschale Ocean;1;34,00;11,00;3,57;0,00;Etsy;ORD-10462
29.07.2026;PAP-300;Notizbuch Recycling;1;16,00;4,60;1,68;5,03;Etsy;ORD-10463
29.07.2026;SEI-010;Naturseife Lavendel;1;9,50;2,40;0,30;4,66;Shopify;ORD-10464
30.07.2026;PRT-220;Kunstdruck A3 Fjord;1;22,00;4,10;2,31;5,69;Etsy;ORD-10465
30.07.2026;SCH-102;Ohrringe Nova;2;58,00;8,40;6,09;3,89;Etsy;ORD-10466
30.07.2026;KRZ-050;Sojakerze Zeder;1;18,50;5,20;1,94;0,00;Etsy;ORD-10466
30.07.2026;PRT-220;Kunstdruck A3 Fjord;1;22,00;4,10;2,53;3,91;eBay;ORD-10467
30.07.2026;KER-001;Keramiktasse Sand;1;24,90;7,20;2,61;5,31;Etsy;ORD-10468
31.07.2026;SEI-010;Naturseife Lavendel;1;9,50;2,40;1,00;4,55;Etsy;ORD-10469
31.07.2026;SCH-100;Silberkette Luna;2;118,00;18,00;12,39;0,00;Etsy;ORD-10469
31.07.2026;KER-001;Keramiktasse Sand;1;24,90;7,20;2,86;5,67;eBay;ORD-10470
31.07.2026;KER-001;Keramiktasse Sand;2;49,80;7,20;5,73;0,00;eBay;ORD-10470
31.07.2026;PRT-220;Kunstdruck A3 Fjord;1;22,00;4,10;2,31;4,17;Etsy;ORD-10471
01.08.2026;PRT-220;Kunstdruck A3 Fjord;2;44,00;4,10;5,06;5,63;eBay;ORD-10472
01.08.2026;SCH-102;Ohrringe Nova;1;29,00;8,40;0,93;5,04;Shopify;ORD-10473
01.08.2026;KER-001;Keramiktasse Sand;1;24,90;7,20;0,80;0,00;Shopify;ORD-10473
02.08.2026;KRZ-050;Sojakerze Zeder;1;18,50;5,20;1,94;3,96;Etsy;ORD-10474
02.08.2026;SEI-010;Naturseife Lavendel;1;9,50;2,40;0,30;5,74;Shopify;ORD-10475
02.08.2026;KRZ-050;Sojakerze Zeder;1;18,50;5,20;1,94;4,34;Etsy;ORD-10476
02.08.2026;KRZ-050;Sojakerze Zeder;1;18,50;5,20;1,94;0,00;Etsy;ORD-10476
03.08.2026;PRT-220;Kunstdruck A3 Fjord;1;22,00;4,10;2,31;4,22;Etsy;ORD-10477
03.08.2026;PRT-220;Kunstdruck A3 Fjord;1;22,00;4,10;2,31;0,00;Etsy;ORD-10477
03.08.2026;PRT-220;Kunstdruck A3 Fjord;1;22,00;4,10;2,31;5,43;Etsy;ORD-10478
03.08.2026;SEI-010;Naturseife Lavendel;1;9,50;2,40;0,30;5,32;Shopify;ORD-10479
03.08.2026;PAP-300;Notizbuch Recycling;2;32,00;4,60;3,68;4,43;eBay;ORD-10480
04.08.2026;PRT-220;Kunstdruck A3 Fjord;1;22,00;4,10;2,53;3,81;eBay;ORD-10481
04.08.2026;KER-002;Keramikschale Ocean;2;68,00;11,00;7,82;4,75;eBay;ORD-10482
04.08.2026;SCH-100;Silberkette Luna;1;59,00;18,00;1,89;4,66;Shopify;ORD-10483
04.08.2026;KER-002;Keramikschale Ocean;1;34,00;11,00;3,57;5,39;Etsy;ORD-10484
04.08.2026;SCH-102;Ohrringe Nova;1;29,00;8,40;3,04;0,00;Etsy;ORD-10484
05.08.2026;SEI-010;Naturseife Lavendel;1;9,50;2,40;0,30;4,93;Shopify;ORD-10485
05.08.2026;SEI-010;Naturseife Lavendel;1;9,50;2,40;0,30;5,69;Shopify;ORD-10486
05.08.2026;KER-002;Keramikschale Ocean;1;34,00;11,00;1,09;3,96;Shopify;ORD-10487
05.08.2026;PAP-300;Notizbuch Recycling;1;16,00;4,60;1,68;4,69;Etsy;ORD-10488
06.08.2026;SEI-010;Naturseife Lavendel;1;9,50;2,40;0,30;3,80;Shopify;ORD-10489
06.08.2026;KER-001;Keramiktasse Sand;1;24,90;7,20;0,80;0,00;Shopify;ORD-10489
06.08.2026;KER-002;Keramikschale Ocean;1;34,00;11,00;3,91;3,91;eBay;ORD-10490
06.08.2026;PRT-220;Kunstdruck A3 Fjord;1;22,00;4,10;2,31;5,70;Etsy;ORD-10491
06.08.2026;TEX-014;Leinenkissen 45×45;1;39,00;14,50;4,09;0,00;Etsy;ORD-10491
06.08.2026;SCH-100;Silberkette Luna;1;59,00;18,00;1,89;4,23;Shopify;ORD-10492
06.08.2026;SEI-010;Naturseife Lavendel;1;9,50;2,40;0,30;0,00;Shopify;ORD-10492
06.08.2026;PAP-300;Notizbuch Recycling;1;16,00;4,60;1,68;3,77;Etsy;ORD-10493
07.08.2026;TEX-014;Leinenkissen 45×45;1;39,00;14,50;4,09;3,83;Etsy;ORD-10494
07.08.2026;TEX-020;Wolldecke Nordic;2;178,00;34,00;18,69;0,00;Etsy;ORD-10494
07.08.2026;SEI-010;Naturseife Lavendel;1;9,50;2,40;1,00;4,59;Etsy;ORD-10495
07.08.2026;SEI-010;Naturseife Lavendel;1;9,50;2,40;1,00;0,00;Etsy;ORD-10495
07.08.2026;KRZ-050;Sojakerze Zeder;1;18,50;5,20;1,94;4,13;Etsy;ORD-10496
07.08.2026;PRT-220;Kunstdruck A3 Fjord;2;44,00;4,10;4,62;5,35;Etsy;ORD-10497
07.08.2026;PRT-221;Kunstdruck A2 Düne;1;32,00;6,30;3,36;5,79;Etsy;ORD-10498
08.08.2026;KRZ-050;Sojakerze Zeder;1;18,50;5,20;1,94;5,48;Etsy;ORD-10499
08.08.2026;SCH-102;Ohrringe Nova;1;29,00;8,40;0,93;3,81;Shopify;ORD-10500
08.08.2026;PRT-220;Kunstdruck A3 Fjord;1;22,00;4,10;0,70;0,00;Shopify;ORD-10500